"report_title","publication_date","report_url","year","month","disease","country","","","","","","","","","","","","",""
"Middle East respiratory syndrome coronavirus - Global update","24 December 2025","https://www.who.int/emergencies/disease-outbreak-news/item/2025-DON591","2025","December","Middle East respiratory syndrome coronavirus","Global update","","","","","","","","","","","","",""
"Seasonal influenza - Global situation","10 December 2025","https://www.who.int/emergencies/disease-outbreak-news/item/2025-DON586","2025","December","Seasonal influenza","Global situation","","","","","","","","","","","","",""
"Broader transmission of mpox due to clade Ib MPXV – Global situation","05 December 2025","https://www.who.int/emergencies/disease-outbreak-news/item/2025-DON587","2025","December","Broader transmission of mpox due to clade Ib MPXV","Global situation","","","","","","","","","","","","",""
"Avian Influenza A(H5N5) - United States of America","05 December 2025","https://www.who.int/emergencies/disease-outbreak-news/item/2025-DON590","2025","December","Avian Influenza A(H5N5)","United States of America","","","","","","","","","","","","",""
"Ebola virus disease - Democratic Republic of the Congo","01 December 2025","https://www.who.int/emergencies/disease-outbreak-news/item/2025-DON589","2025","December","Ebola virus disease","Democratic Republic of the Congo","","","","","","","","","","","","",""
"Diphtheria - African Region (AFRO)","21 November 2025","https://www.who.int/emergencies/disease-outbreak-news/item/DON588","2025","November","Diphtheria","African Region (AFRO)","","","","","","","","","","","","",""
"Marburg virus disease - Ethiopia","21 November 2025","https://www.who.int/emergencies/disease-outbreak-news/item/2025-DON585","2025","November","Marburg virus disease","Ethiopia","","","","","","","","","","","","",""
"Rift Valley fever- Mauritania and Senegal","05 November 2025","https://www.who.int/emergencies/disease-outbreak-news/item/2025-DON584","2025","November","Rift Valley fever","Mauritania and Senegal","","","","","","","","","","","","",""
"Chikungunya virus disease- Global situation","03 October 2025","https://www.who.int/emergencies/disease-outbreak-news/item/2025-DON581","2025","October","Chikungunya virus disease","Global situation","","","","","","","","","","","","",""
"Nipah virus infection - Bangladesh","18 September 2025","https://www.who.int/emergencies/disease-outbreak-news/item/2025-DON582","2025","September","Nipah virus infection","Bangladesh","","","","","","","","","","","","",""
"Ebola virus disease - Democratic Republic of the Congo","05 September 2025","https://www.who.int/emergencies/disease-outbreak-news/item/2025-DON580","2025","September","Ebola virus disease","Democratic Republic of the Congo","","","","","","","","","","","","",""
"Cholera – Multi-country with a focus on countries experiencing current surges","29 August 2025","https://www.who.int/emergencies/disease-outbreak-news/item/2025-DON579","2025","August","Cholera","Multi- country with a focus on countries experiencing current surges","","","","","","","","","","","","",""
"Circulating vaccine-derived poliovirus type 1 - Israel","20 August 2025","https://www.who.int/emergencies/disease-outbreak-news/item/2025-DON578","2025","August","Circulating vaccine","Israel","","","","","","","","","","","","",""
"Nipah virus infection - India","06 August 2025","https://www.who.int/emergencies/disease-outbreak-news/item/2025-DON577","2025","August","Nipah virus infection","India","","","","","","","","","","","","",""
"Rabies - Timor-Leste","24 July 2025","https://www.who.int/emergencies/disease-outbreak-news/item/2025-DON576","2025","July","Rabies","Leste","","","","","","","","","","","","",""
"Avian Influenza A(H5N1) - Cambodia","05 July 2025","https://www.who.int/emergencies/disease-outbreak-news/item/2025-DON575","2025","July","Avian Influenza A(H5N1)","Cambodia","","","","","","","","","","","","",""
"Anthrax - Thailand","29 May 2025","https://www.who.int/emergencies/disease-outbreak-news/item/2025-DON573","2025","May","Anthrax","Thailand","","","","","","","","","","","","",""
"COVID-19 - Global Situation","28 May 2025","https://www.who.int/emergencies/disease-outbreak-news/item/2025-DON572","2025","May","COVID","Global Situation","","","","","","","","","","","","",""
"Circulating vaccine-derived poliovirus type 2 (cVDPV2) - Papua New Guinea","20 May 2025","https://www.who.int/emergencies/disease-outbreak-news/item/2025-DON571","2025","May","Circulating vaccine","Papua New Guinea","","","","","","","","","","","","",""
"Yellow fever - Region of the Americas","16 May 2025","https://www.who.int/emergencies/disease-outbreak-news/item/2025-DON570","2025","May","Yellow fever","Region of the Americas","","","","","","","","","","","","",""
"Measles - Morocco","13 May 2025","https://www.who.int/emergencies/disease-outbreak-news/item/2025-DON568","2025","May","Measles","Morocco","","","","","","","","","","","","",""
"Chikungunya - La Réunion and Mayotte","12 May 2025","https://www.who.int/emergencies/disease-outbreak-news/item/2025-DON567","2025","May","Chikungunya","La Réunion and Mayotte","","","","","","","","","","","","",""
"Middle East respiratory syndrome coronavirus - Kingdom of Saudi Arabia","12 May 2025","https://www.who.int/emergencies/disease-outbreak-news/item/2025-DON569","2025","May","Middle East respiratory syndrome coronavirus","Kingdom of Saudi Arabia","","","","","","","","","","","","",""
"Measles – Region of the Americas","28 April 2025","https://www.who.int/emergencies/disease-outbreak-news/item/2025-DON565","2025","April","Measles","Region of the Americas","","","","","","","","","","","","",""
"Sudan virus disease - Uganda","26 April 2025","https://www.who.int/emergencies/disease-outbreak-news/item/2025-DON566","2025","April","Sudan virus disease","Uganda","","","","","","","","","","","","",""
"Avian Influenza A(H5N1) - Mexico","17 April 2025","https://www.who.int/emergencies/disease-outbreak-news/item/2025-DON564","2025","April","Avian Influenza A(H5N1)","Mexico","","","","","","","","","","","","",""
"Invasive meningococcal disease - Kingdom of Saudi Arabia","11 April 2025","https://www.who.int/emergencies/disease-outbreak-news/item/2025-DON563","2025","April","Invasive meningococcal disease","Kingdom of Saudi Arabia","","","","","","","","","","","","",""
"Cholera - Angola","28 March 2025","https://www.who.int/emergencies/disease-outbreak-news/item/2025-DON562","2025","March","Cholera","Angola","","","","","","","","","","","","",""
"Measles - United States of America","27 March 2025","https://www.who.int/emergencies/disease-outbreak-news/item/2025-DON561","2025","March","Measles","United States of America","","","","","","","","","","","","",""
"Marburg virus disease– United Republic of Tanzania","13 March 2025","https://www.who.int/emergencies/disease-outbreak-news/item/2025-DON559","2025","March","Marburg virus disease","United Republic of Tanzania","","","","","","","","","","","","",""
"Middle East respiratory syndrome coronavirus - Kingdom of Saudi Arabia","13 March 2025","https://www.who.int/emergencies/disease-outbreak-news/item/2025-DON560","2025","March","Middle East respiratory syndrome coronavirus","Kingdom of Saudi Arabia","","","","","","","","","","","","",""
"Sudan virus disease - Uganda","08 March 2025","https://www.who.int/emergencies/disease-outbreak-news/item/2025-DON558","2025","March","Sudan virus disease","Uganda","","","","","","","","","","","","",""
"Cluster of community deaths in Basankusu, Equateur- Democratic Republic of the Congo","03 March 2025","https://www.who.int/emergencies/disease-outbreak-news/item/2025-DON557","2025","March","Cluster of community deaths in Basankusu, Equateur","Democratic Republic of the Congo","","","","","","","","","","","","",""
"Sudan virus disease - Uganda","21 February 2025","https://www.who.int/emergencies/disease-outbreak-news/item/2025-DON556","2025","February","Sudan virus disease","Uganda","","","","","","","","","","","","",""
"Marburg Virus Disease–United Republic of Tanzania","14 February 2025","https://www.who.int/emergencies/disease-outbreak-news/item/2025-DON554","2025","February","Marburg Virus Disease","United Republic of Tanzania","","","","","","","","","","","","",""
"Sudan virus disease - Uganda","01 February 2025","https://www.who.int/emergencies/disease-outbreak-news/item/2025-DON555","2025","February","Sudan virus disease","Uganda","","","","","","","","","","","","",""
"Zika virus disease - India","29 January 2025","https://www.who.int/emergencies/disease-outbreak-news/item/2025-DON549","2025","January","Zika virus disease","India","","","","","","","","","","","","",""
"Chapare haemorrhagic fever- the Plurinational State of Bolivia","20 January 2025","https://www.who.int/emergencies/disease-outbreak-news/item/2025-DON553","2025","January","Chapare haemorrhagic fever","the Plurinational State of Bolivia","","","","","","","","","","","","",""
"Outbreak of suspected Marburg Virus Disease - United Republic of Tanzania","14 January 2025","https://www.who.int/emergencies/disease-outbreak-news/item/2025-DON552","2025","January","Outbreak of suspected Marburg Virus Disease","United Republic of Tanzania","","","","","","","","","","","","",""
"Trends of acute respiratory infection, including human metapneumovirus, in the Northern Hemisphere","07 January 2025","https://www.who.int/emergencies/disease-outbreak-news/item/2025-DON550","2025","January","Trends of acute respiratory infection, including human metapneumovirus","Northern Hemisphere","","","","","","","","","","","","",""
"Acute respiratory infections complicated by malaria (previously undiagnosed disease) - Democratic Republic of the Congo","27 December 2024","https://www.who.int/emergencies/disease-outbreak-news/item/2024-DON547","2024","December","Acute respiratory infections complicated by malaria (previously undiagnosed disease)","Democratic Republic of the Congo","","","","","","","","","","","","",""
"Marburg virus disease - Rwanda","20 December 2024","https://www.who.int/emergencies/disease-outbreak-news/item/2024-DON548","2024","December","Marburg virus disease","Rwanda","","","","","","","","","","","","",""
"Undiagnosed disease - Democratic Republic of the Congo","08 December 2024","https://www.who.int/emergencies/disease-outbreak-news/item/2024-DON546","2024","December","Undiagnosed disease","Democratic Republic of the Congo","","","","","","","","","","","","",""
"Oropouche virus disease - Region of the Americas","05 December 2024","https://www.who.int/emergencies/disease-outbreak-news/item/2024-DON545","2024","December","Oropouche virus disease","Region of the Americas","","","","","","","","","","","","",""
"Marburg virus disease - Rwanda","13 November 2024","https://www.who.int/emergencies/disease-outbreak-news/item/2024-DON544","2024","November","Marburg virus disease","Rwanda","","","","","","","","","","","","",""
"Marburg virus disease - Rwanda","01 November 2024","https://www.who.int/emergencies/disease-outbreak-news/item/2024-DON543","2024","November","Marburg virus disease","Rwanda","","","","","","","","","","","","",""
"Malaria - Ethiopia","31 October 2024","https://www.who.int/emergencies/disease-outbreak-news/item/2024-DON542","2024","October","Malaria","Ethiopia","","","","","","","","","","","","",""
"Marburg virus disease - Rwanda","25 October 2024","https://www.who.int/emergencies/disease-outbreak-news/item/2024-DON541","2024","October","Marburg virus disease","Rwanda","","","","","","","","","","","","",""
"Marburg virus disease - Rwanda","18 October 2024","https://www.who.int/emergencies/disease-outbreak-news/item/2024-DON540","2024","October","Marburg virus disease","Rwanda","","","","","","","","","","","","",""
"Marburg virus disease - Rwanda","11 October 2024","https://www.who.int/emergencies/disease-outbreak-news/item/2024-DON539","2024","October","Marburg virus disease","Rwanda","","","","","","","","","","","","",""
"West Nile virus - Barbados","03 October 2024","https://www.who.int/emergencies/disease-outbreak-news/item/2024-DON538","2024","October","West Nile virus","Barbados","","","","","","","","","","","","",""
"Middle East respiratory syndrome coronavirus - Kingdom of Saudi Arabia","02 October 2024","https://www.who.int/emergencies/disease-outbreak-news/item/2024-DON536","2024","October","Middle East respiratory syndrome coronavirus","Kingdom of Saudi Arabia","","","","","","","","","","","","",""
"Marburg virus disease - Rwanda","30 September 2024","https://www.who.int/emergencies/disease-outbreak-news/item/2024-DON537","2024","September","Marburg virus disease","Rwanda","","","","","","","","","","","","",""
"Avian Influenza A(H9N2) - Ghana","20 September 2024","https://www.who.int/emergencies/disease-outbreak-news/item/2024-DON534","2024","September","Avian Influenza A(H9N2)","Ghana","","","","","","","","","","","","",""
"Influenza A(H1N1) variant virus - Viet Nam","04 September 2024","https://www.who.int/emergencies/disease-outbreak-news/item/2024-DON532","2024","September","Influenza A(H1N1) variant virus","Viet Nam","","","","","","","","","","","","",""
"Avian Influenza A(H5N1) - Cambodia","02 September 2024","https://www.who.int/emergencies/disease-outbreak-news/item/2024-DON533","2024","September","Avian Influenza A(H5N1)","Cambodia","","","","","","","","","","","","",""
"Mpox - Sweden","30 August 2024","https://www.who.int/emergencies/disease-outbreak-news/item/2024-DON531","2024","August","Mpox","Sweden","","","","","","","","","","","","",""
"Oropouche virus disease - Region of the Americas","23 August 2024","https://www.who.int/emergencies/disease-outbreak-news/item/2024-DON530","2024","August","Oropouche virus disease","Region of the Americas","","","","","","","","","","","","",""
"Acute encephalitis syndrome due to Chandipura virus - India","23 August 2024","https://www.who.int/emergencies/disease-outbreak-news/item/2024-DON529","2024","August","Acute encephalitis syndrome due to Chandipura virus","India","","","","","","","","","","","","",""
"Mpox – African Region","22 August 2024","https://www.who.int/emergencies/disease-outbreak-news/item/2024-DON528","2024","August","Mpox","African Region (AFRO)","","","","","","","","","","","","",""
"Antimicrobial Resistance, Hypervirulent Klebsiella pneumoniae - Global situation","31 July 2024","https://www.who.int/emergencies/disease-outbreak-news/item/2024-DON527","2024","July","Antimicrobial Resistance, Hypervirulent Klebsiella pneumoniae","Global situation","","","","","","","","","","","","",""
"Dengue - Iran (Islamic Republic of)","22 July 2024","https://www.who.int/emergencies/disease-outbreak-news/item/2024-DON526","2024","July","Dengue","Iran (Islamic Republic of)","","","","","","","","","","","","",""
"Mpox - South Africa","09 July 2024","https://www.who.int/emergencies/disease-outbreak-news/item/2024-DON525","2024","July","Mpox","South Africa","","","","","","","","","","","","",""
"Mpox - Democratic Republic of the Congo","14 June 2024","https://www.who.int/emergencies/disease-outbreak-news/item/2024-DON522","2024","June","Mpox","Democratic Republic of the Congo","","","","","","","","","","","","",""
"Avian Influenza A(H5N2) - Mexico","14 June 2024","https://www.who.int/emergencies/disease-outbreak-news/item/2024-DON524","2024","June","Avian Influenza A(H5N2)","Mexico","","","","","","","","","","","","",""
"Avian Influenza A (H9N2) - India","11 June 2024","https://www.who.int/emergencies/disease-outbreak-news/item/2024-DON523","2024","June","Avian Influenza A (H9N2)","India","","","","","","","","","","","","",""
"Oropouche virus disease - Cuba","11 June 2024","https://www.who.int/emergencies/disease-outbreak-news/item/2024-DON521","2024","June","Oropouche virus disease","Cuba","","","","","","","","","","","","",""
"Avian Influenza A (H5N1) - Australia","07 June 2024","https://www.who.int/emergencies/disease-outbreak-news/item/2024-DON519","2024","June","Avian Influenza A (H5N1)","Australia","","","","","","","","","","","","",""
"Avian Influenza A(H5N2) - Mexico","05 June 2024","https://www.who.int/emergencies/disease-outbreak-news/item/2024-DON520","2024","June","Avian Influenza A(H5N2)","Mexico","","","","","","","","","","","","",""
"Dengue - Global situation","30 May 2024","https://www.who.int/emergencies/disease-outbreak-news/item/2024-DON518","2024","May","Dengue","Global situation","","","","","","","","","","","","",""
"Hepatitis E - Chad","08 May 2024","https://www.who.int/emergencies/disease-outbreak-news/item/2024-DON517","2024","May","Hepatitis E","Chad","","","","","","","","","","","","",""
"Middle East respiratory syndrome coronavirus-Kingdom of Saudi Arabia","08 May 2024","https://www.who.int/emergencies/disease-outbreak-news/item/2024-DON516","2024","May","Middle East respiratory syndrome coronavirus","Kingdom of Saudi Arabia","","","","","","","","","","","","",""
"Avian Influenza A(H9N2) - Viet Nam","19 April 2024","https://www.who.int/emergencies/disease-outbreak-news/item/2024-DON514","2024","April","Avian Influenza A(H9N2)","Viet Nam","","","","","","","","","","","","",""
"Rabies - Timor-Leste","10 April 2024","https://www.who.int/emergencies/disease-outbreak-news/item/2024-DON513","2024","April","Rabies","Leste","","","","","","","","","","","","",""
"Avian Influenza A(H5N1) - United States of America","09 April 2024","https://www.who.int/emergencies/disease-outbreak-news/item/2024-DON512","2024","April","Avian Influenza A(H5N1)","United States of America","","","","","","","","","","","","",""
"Avian Influenza A(H5N1) - Viet Nam","02 April 2024","https://www.who.int/emergencies/disease-outbreak-news/item/2024-DON511","2024","April","Avian Influenza A(H5N1)","Viet Nam","","","","","","","","","","","","",""
"Yellow fever – African Region (AFRO)","20 March 2024","https://www.who.int/emergencies/disease-outbreak-news/item/2024-DON510","2024","March","Yellow fever","African Region (AFRO)","","","","","","","","","","","","",""
"Psittacosis – European region","05 March 2024","https://www.who.int/emergencies/disease-outbreak-news/item/2024-DON509","2024","March","Psittacosis","European region","","","","","","","","","","","","",""
"Nipah virus infection - Bangladesh","27 February 2024","https://www.who.int/emergencies/disease-outbreak-news/item/2024-DON508","2024","February","Nipah virus infection","Bangladesh","","","","","","","","","","","","",""
"Middle East Respiratory Syndrome Coronavirus  - Kingdom of Saudi Arabia","16 February 2024","https://www.who.int/emergencies/disease-outbreak-news/item/2024-DON506","2024","February","Middle East Respiratory Syndrome Coronavirus","Kingdom of Saudi Arabia","","","","","","","","","","","","",""
"Avian Influenza A(H10N5) and Influenza A(H3N2) coinfection - China","13 February 2024","https://www.who.int/emergencies/disease-outbreak-news/item/2024-DON504","2024","February","Avian Influenza A(H10N5) and Influenza A(H3N2) coinfection","China","","","","","","","","","","","","",""
"Influenza A(H1N1) variant virus - Spain","09 February 2024","https://www.who.int/emergencies/disease-outbreak-news/item/2024-DON503","2024","February","Influenza A(H1N1) variant virus","Spain","","","","","","","","","","","","",""
"Western Equine Encephalitis - Uruguay","08 February 2024","https://www.who.int/emergencies/disease-outbreak-news/item/2024-DON505","2024","February","Western Equine Encephalitis","Uruguay","","","","","","","","","","","","",""
"Avian Influenza A (H5N1) - Cambodia","08 February 2024","https://www.who.int/emergencies/disease-outbreak-news/item/2024-DON501","2024","February","Avian Influenza A (H5N1)","Cambodia","","","","","","","","","","","","",""
"Influenza A (H1N1) variant virus - Brazil","07 February 2024","https://www.who.int/emergencies/disease-outbreak-news/item/2024-DON502","2024","February","Influenza A (H1N1) variant virus","Brazil","","","","","","","","","","","","",""
"Circulating vaccine-derived poliovirus type 2 (cVDPV2) - Indonesia","11 January 2024","https://www.who.int/emergencies/disease-outbreak-news/item/2024-DON500","2024","January","Circulating vaccine","Indonesia","","","","","","","","","","","","",""
"Western equine encephalitis - Argentina","28 December 2023","https://www.who.int/emergencies/disease-outbreak-news/item/2023-DON499","2023","December","Western equine encephalitis","Argentina","","","","","","","","","","","","",""
"Dengue - Global situation","21 December 2023","https://www.who.int/emergencies/disease-outbreak-news/item/2023-DON498","2023","December","Dengue","Global situation","","","","","","","","","","","","",""
"Anthrax - Zambia","08 December 2023","https://www.who.int/emergencies/disease-outbreak-news/item/2023-DON497","2023","December","Anthrax","Zambia","","","","","","","","","","","","",""
"Influenza A(H1N2) variant virus infection - United Kingdom of Great Britain and Northern Ireland","01 December 2023","https://www.who.int/emergencies/disease-outbreak-news/item/2023-DON496","2023","December","Influenza A(H1N2) variant virus infection","United Kingdom of Great Britain and Northern Ireland","","","","","","","","","","","","",""
"Avian Influenza A (H5N1) - Cambodia","29 November 2023","https://www.who.int/emergencies/disease-outbreak-news/item/2023-DON495","2023","November","Avian Influenza A (H5N1)","Cambodia","","","","","","","","","","","","",""
"Upsurge of respiratory illnesses among children-Northern China","23 November 2023","https://www.who.int/emergencies/disease-outbreak-news/item/2023-DON494","2023","November","Upsurge of respiratory illnesses among children","Northern China","","","","","","","","","","","","",""
"Mpox (monkeypox) - Democratic Republic of the Congo","23 November 2023","https://www.who.int/emergencies/disease-outbreak-news/item/2023-DON493","2023","November","Mpox (monkeypox)","Democratic Republic of the Congo","","","","","","","","","","","","",""
"Diphtheria - Guinea","18 October 2023","https://www.who.int/emergencies/disease-outbreak-news/item/2023-DON492","2023","October","Diphtheria","Guinea","","","","","","","","","","","","",""
"Dengue - Chad","16 October 2023","https://www.who.int/emergencies/disease-outbreak-news/item/2023-DON491","2023","October","Dengue","Chad","","","","","","","","","","","","",""
"Nipah virus infection - India","03 October 2023","https://www.who.int/emergencies/disease-outbreak-news/item/2023-DON490","2023","October","Nipah virus infection","India","","","","","","","","","","","","",""
"Suspected triple outbreak of typhoid fever, shigellosis and cholera - Congo","21 September 2023","https://www.who.int/emergencies/disease-outbreak-news/item/2023-DON488","2023","September","Suspected triple outbreak of typhoid fever, shigellosis and cholera","Congo","","","","","","","","","","","","",""
"Botulism - France","20 September 2023","https://www.who.int/emergencies/disease-outbreak-news/item/2023-DON489","2023","September","Botulism","France","","","","","","","","","","","","",""
"Legionellosis - Poland","14 September 2023","https://www.who.int/emergencies/disease-outbreak-news/item/2023-DON487","2023","September","Legionellosis","Poland","","","","","","","","","","","","",""
"Diphtheria - Nigeria","13 September 2023","https://www.who.int/emergencies/disease-outbreak-news/item/2023-DON485","2023","September","Diphtheria","Nigeria","","","","","","","","","","","","",""
"Influenza A (H1N1) variant virus - the Netherlands","13 September 2023","https://www.who.int/emergencies/disease-outbreak-news/item/2023-DON486","2023","September","Influenza A (H1N1) variant virus","the Netherlands","","","","","","","","","","","","",""
"Middle East respiratory syndrome coronavirus - Saudi Arabia","29 August 2023","https://www.who.int/emergencies/disease-outbreak-news/item/2023-DON484","2023","August","Middle East respiratory syndrome coronavirus","Saudi Arabia","","","","","","","","","","","","",""
"Measles - Chile","23 August 2023","https://www.who.int/emergencies/disease-outbreak-news/item/2023-DON483","2023","August","Measles","Chile","","","","","","","","","","","","",""
"Influenza A (H1N2) variant virus-United States of America","11 August 2023","https://www.who.int/emergencies/disease-outbreak-news/item/2023-DON482","2023","August","Influenza A (H1N2) variant virus","United States of America","","","","","","","","","","","","",""
"Dengue - Bangladesh","11 August 2023","https://www.who.int/emergencies/disease-outbreak-news/item/2023-DON481","2023","August","Dengue","Bangladesh","","","","","","","","","","","","",""
"Circulating vaccine-derived poliovirus type 2 (cVDPV2) - Kenya","28 July 2023","https://www.who.int/emergencies/disease-outbreak-news/item/2023-DON479","2023","July","Circulating vaccine","Kenya","","","","","","","","","","","","",""
"Circulating vaccine-derived poliovirus type 2 (cVDPV2) - United Republic of Tanzania","28 July 2023","https://www.who.int/emergencies/disease-outbreak-news/item/2023-DON480","2023","July","Circulating vaccine","United Republic of Tanzania","","","","","","","","","","","","",""
"Guillain-Barré Syndrome - Peru","25 July 2023","https://www.who.int/emergencies/disease-outbreak-news/item/2023-DON477","2023","July","Guillain","Peru","","","","","","","","","","","","",""
"Middle East respiratory syndrome coronavirus –United Arab Emirates","24 July 2023","https://www.who.int/emergencies/disease-outbreak-news/item/2023-DON478","2023","July","Middle East respiratory syndrome coronavirus","United Arab Emirates","","","","","","","","","","","","",""
"Dengue – the Region of the Americas","19 July 2023","https://www.who.int/emergencies/disease-outbreak-news/item/2023-DON475","2023","July","Dengue","the Region of the Americas","","","","","","","","","","","","",""
"Influenza A(H5N1) in cats – Poland","16 July 2023","https://www.who.int/emergencies/disease-outbreak-news/item/2023-DON476","2023","July","Influenza A(H5N1) in cats","Poland","","","","","","","","","","","","",""
"Enterovirus-Echovirus 11 Infection - the European Region","07 July 2023","https://www.who.int/emergencies/disease-outbreak-news/item/2023-DON474","2023","July","Enterovirus","the European Region","","","","","","","","","","","","",""
"Influenza A H1N1 variant virus - Brazil","16 June 2023","https://www.who.int/emergencies/disease-outbreak-news/item/2023-DON473","2023","June","Influenza A H1N1 variant virus","Brazil","","","","","","","","","","","","",""
"Marburg virus disease - Equatorial Guinea","09 June 2023","https://www.who.int/emergencies/disease-outbreak-news/item/2023-DON472","2023","June","Marburg virus disease","Equatorial Guinea","","","","","","","","","","","","",""
"Marburg virus disease - United Republic of Tanzania","02 June 2023","https://www.who.int/emergencies/disease-outbreak-news/item/2023-DON471","2023","June","Marburg virus disease","United Republic of Tanzania","","","","","","","","","","","","",""
"Outbreak of suspected fungal meningitis associated with surgical procedures performed under spinal anaesthesia – the United States of America and Mexico","01 June 2023","https://www.who.int/emergencies/disease-outbreak-news/item/2023-DON470","2023","June","Outbreak of suspected fungal meningitis associated with surgical procedures performed under spinal anaesthesia","the United States of America and Mexico","","","","","","","","","","","","",""
"Enterovirus Infection - France","31 May 2023","https://www.who.int/emergencies/disease-outbreak-news/item/2023-DON469","2023","May","Enterovirus Infection","France","","","","","","","","","","","","",""
"Avian Influenza A H5N1 - United Kingdom of Great Britain and Northern Ireland","30 May 2023","https://www.who.int/emergencies/disease-outbreak-news/item/2023-DON468","2023","May","Avian Influenza A H5N1","United Kingdom of Great Britain and Northern Ireland","","","","","","","","","","","","",""
"Myocarditis - United Kingdom of Great Britain and Northern Ireland","17 May 2023","https://www.who.int/emergencies/disease-outbreak-news/item/2023-DON465","2023","May","Myocarditis","United Kingdom of Great Britain and Northern Ireland","","","","","","","","","","","","",""
"Marburg virus disease - Equatorial Guinea and the United Republic of Tanzania","08 May 2023","https://www.who.int/emergencies/disease-outbreak-news/item/2023-DON467","2023","May","Marburg virus disease","Equatorial Guinea and the United Republic of Tanzania","","","","","","","","","","","","",""
"Acute hepatitis E – South Sudan","05 May 2023","https://www.who.int/emergencies/disease-outbreak-news/item/2023-DON466","2023","May","Acute hepatitis E","South Sudan","","","","","","","","","","","","",""
"Measles - Ethiopia","04 May 2023","https://www.who.int/emergencies/disease-outbreak-news/item/2023-DON460","2023","May","Measles","Ethiopia","","","","","","","","","","","","",""
"Lassa fever - Nigeria","01 May 2023","https://www.who.int/emergencies/disease-outbreak-news/item/2023-DON463","2023","May","Lassa fever","Nigeria","","","","","","","","","","","","",""
"Measles - Indonesia","28 April 2023","https://www.who.int/emergencies/disease-outbreak-news/item/2023-DON462","2023","April","Measles","Indonesia","","","","","","","","","","","","",""
"Diphtheria - Nigeria","27 April 2023","https://www.who.int/emergencies/disease-outbreak-news/item/2023-DON452","2023","April","Diphtheria","Nigeria","","","","","","","","","","","","",""
"Meningitis - Nigeria","27 April 2023","https://www.who.int/emergencies/disease-outbreak-news/item/2023-DON454","2023","April","Meningitis","Nigeria","","","","","","","","","","","","",""
"Human Infection caused by Avian Influenza A (H5N1) - Chile","21 April 2023","https://www.who.int/emergencies/disease-outbreak-news/item/2023-DON461","2023","April","Human Infection caused by Avian Influenza A (H5N1)","Chile","","","","","","","","","","","","",""
"Circulating vaccine-derived poliovirus type 2 – Burundi","20 April 2023","https://www.who.int/emergencies/disease-outbreak-news/item/2023-DON457","2023","April","Circulating vaccine","derived poliovirus type 2 – Burundi","","","","","","","","","","","","",""
"Circulating vaccine-derived poliovirus type 2 - Indonesia","17 April 2023","https://www.who.int/emergencies/disease-outbreak-news/item/2023-DON458","2023","April","Circulating vaccine","Indonesia","","","","","","","","","","","","",""
"Marburg virus disease - Equatorial Guinea","15 April 2023","https://www.who.int/emergencies/disease-outbreak-news/item/2023-DON459","2023","April","Marburg virus disease","Equatorial Guinea","","","","","","","","","","","","",""
"Avian Influenza A(H3N8) - China","11 April 2023","https://www.who.int/emergencies/disease-outbreak-news/item/2023-DON456","2023","April","Avian Influenza A(H3N8)","China","","","","","","","","","","","","",""
"Pneumococcal meningitis - Togo","11 April 2023","https://www.who.int/emergencies/disease-outbreak-news/item/2023-DON455","2023","April","Pneumococcal meningitis","Togo","","","","","","","","","","","","",""
"Human infection caused by Avian Influenza A (H5) - Chile","06 April 2023","https://www.who.int/emergencies/disease-outbreak-news/item/2023-DON453","2023","April","Human infection caused by Avian Influenza A (H5)","Chile","","","","","","","","","","","","",""
"Iatrogenic Botulism- European Region","24 March 2023","https://www.who.int/emergencies/disease-outbreak-news/item/2023-DON450","2023","March","Iatrogenic Botulism","European Region","","","","","","","","","","","","",""
"Marburg virus disease - United Republic of Tanzania","24 March 2023","https://www.who.int/emergencies/disease-outbreak-news/item/2023-DON451","2023","March","Marburg virus disease","United Republic of Tanzania","","","","","","","","","","","","",""
"Geographical expansion of cases of dengue and chikungunya beyond the historical areas of transmission in the Region of the Americas","23 March 2023","https://www.who.int/emergencies/disease-outbreak-news/item/2023-DON448","2023","March","Geographical expansion of cases of dengue and chikungunya beyond the historical areas of transmission","the Region of the Americas","","","","","","","","","","","","",""
"Marburg virus disease - Equatorial Guinea","22 March 2023","https://www.who.int/emergencies/disease-outbreak-news/item/2023-DON449","2023","March","Marburg virus disease","Equatorial Guinea","","","","","","","","","","","","",""
"Measles - South Africa","21 March 2023","https://www.who.int/emergencies/disease-outbreak-news/item/2023-DON447","2023","March","Measles","South Africa","","","","","","","","","","","","",""
"Measles - Nepal","14 March 2023","https://www.who.int/emergencies/disease-outbreak-news/item/2023-DON446","2023","March","Measles","Nepal","","","","","","","","","","","","",""
"Avian Influenza A (H5N1) - Cambodia","26 February 2023","https://www.who.int/emergencies/disease-outbreak-news/item/2023-DON445","2023","February","Avian Influenza A (H5N1)","Cambodia","","","","","","","","","","","","",""
"Marburg virus disease - Equatorial Guinea","25 February 2023","https://www.who.int/emergencies/disease-outbreak-news/item/2023-DON444","2023","February","Marburg virus disease","Equatorial Guinea","","","","","","","","","","","","",""
"Cholera - Mozambique","24 February 2023","https://www.who.int/emergencies/disease-outbreak-news/item/2023-DON443","2023","February","Cholera","Mozambique","","","","","","","","","","","","",""
"Nipah virus infection - Bangladesh","17 February 2023","https://www.who.int/emergencies/disease-outbreak-news/item/2023-DON442","2023","February","Nipah virus infection","Bangladesh","","","","","","","","","","","","",""
"Cholera – Global situation","11 February 2023","https://www.who.int/emergencies/disease-outbreak-news/item/2023-DON437","2023","February","Cholera","Global situation","","","","","","","","","","","","",""
"Measles - South Sudan","10 February 2023","https://www.who.int/emergencies/disease-outbreak-news/item/2023-DON440","2023","February","Measles","South Sudan","","","","","","","","","","","","",""
"Cholera - Democratic Republic of the Congo","10 February 2023","https://www.who.int/emergencies/disease-outbreak-news/item/2023-DON441","2023","February","Cholera","Democratic Republic of the Congo","","","","","","","","","","","","",""
"Cholera - Malawi","09 February 2023","https://www.who.int/emergencies/disease-outbreak-news/item/2022-DON435","2023","February","Cholera","Malawi","","","","","","","","","","","","",""
"Middle East respiratory syndrome coronavirus –Oman","08 February 2023","https://www.who.int/emergencies/disease-outbreak-news/item/2023-DON436","2023","February","Middle East respiratory syndrome coronavirus","Oman","","","","","","","","","","","","",""
"Meningitis - Niger","08 February 2023","https://www.who.int/emergencies/disease-outbreak-news/item/2023-DON439","2023","February","Meningitis","Niger","","","","","","","","","","","","",""
"Measles - Paraguay","02 February 2023","https://www.who.int/emergencies/disease-outbreak-news/item/2023-DON438","2023","February","Measles","Paraguay","","","","","","","","","","","","",""
"Human infection caused by avian influenza A(H5) - Ecuador","18 January 2023","https://www.who.int/emergencies/disease-outbreak-news/item/2023-DON434","2023","January","Human infection caused by avian influenza A(H5)","Ecuador","","","","","","","","","","","","",""
"Ebola disease caused by Sudan ebolavirus – Uganda","14 January 2023","https://www.who.int/emergencies/disease-outbreak-news/item/2023-DON433","2023","January","Ebola disease caused by Sudan ebolavirus","Uganda","","","","","","","","","","","","",""
"Circulating vaccine-derived poliovirus type 2 – Sudan","12 January 2023","https://www.who.int/emergencies/disease-outbreak-news/item/2023-DON362","2023","January","Circulating vaccine - derived poliovirus type 2","Sudan","","","","","","","","","","","","",""
"Yellow fever - African Region (AFRO)","03 January 2023","https://www.who.int/emergencies/disease-outbreak-news/item/2022-DON431","2023","January","Yellow fever","African Region (AFRO)","","","","","","","","","","","","",""
"Circulating vaccine-derived poliovirus type 2-Indonesia","19 December 2022","https://www.who.int/emergencies/disease-outbreak-news/item/2022-DON430","2022","December","Circulating vaccine","Indonesia","","","","","","","","","","","","",""
"Cholera – Global situation","16 December 2022","https://www.who.int/emergencies/disease-outbreak-news/item/2022-DON426","2022","December","Cholera","Global situation","","","","","","","","","","","","",""
"Increased incidence of scarlet fever and invasive Group A Streptococcus infection - multi-country","15 December 2022","https://www.who.int/emergencies/disease-outbreak-news/item/2022-DON429","2022","December","Increased incidence of scarlet fever and invasive Group A Streptococcus infection","country","","","","","","","","","","","","",""
"Cholera - Haiti","13 December 2022","https://www.who.int/emergencies/disease-outbreak-news/item/2022-DON427","2022","December","Cholera","Haiti","","","","","","","","","","","","",""
"Ebola disease caused by Sudan ebolavirus – Uganda","08 December 2022","https://www.who.int/emergencies/disease-outbreak-news/item/2022-DON428","2022","December","Ebola disease caused by Sudan ebolavirus","Uganda","","","","","","","","","","","","",""
"Dengue - Bangladesh","28 November 2022","https://www.who.int/emergencies/disease-outbreak-news/item/2022-DON424","2022","November","Dengue","Bangladesh","","","","","","","","","","","","",""
"Ebola disease caused by Sudan ebolavirus – Uganda","24 November 2022","https://www.who.int/emergencies/disease-outbreak-news/item/2022-DON425","2022","November","Ebola disease caused by Sudan ebolavirus","Uganda","","","","","","","","","","","","",""
"Middle East respiratory syndrome coronavirus – Saudi Arabia","16 November 2022","https://www.who.int/emergencies/disease-outbreak-news/item/2022-DON422","2022","November","Middle East respiratory syndrome coronavirus","Saudi Arabia","","","","","","","","","","","","",""
"Ebola disease caused by Sudan ebolavirus – Uganda","10 November 2022","https://www.who.int/emergencies/disease-outbreak-news/item/2022-DON423","2022","November","Ebola disease caused by Sudan ebolavirus","Uganda","","","","","","","","","","","","",""
"Cholera - Malawi","07 November 2022","https://www.who.int/emergencies/disease-outbreak-news/item/2022-DON419","2022","November","Cholera","Malawi","","","","","","","","","","","","",""
"Avian Influenza A (H5N1) - Spain","03 November 2022","https://www.who.int/emergencies/disease-outbreak-news/item/2022-DON420","2022","November","Avian Influenza A (H5N1)","Spain","","","","","","","","","","","","",""
"Ebola Disease caused by Sudan virus - Uganda","28 October 2022","https://www.who.int/emergencies/disease-outbreak-news/item/2022-DON421","2022","October","Ebola Disease caused by Sudan virus","Uganda","","","","","","","","","","","","",""
"Rift Valley Fever - Mauritania","20 October 2022","https://www.who.int/emergencies/disease-outbreak-news/item/2022-DON417","2022","October","Rift Valley Fever","Mauritania","","","","","","","","","","","","",""
"Cholera - Lebanon","19 October 2022","https://www.who.int/emergencies/disease-outbreak-news/item/2022-DON416","2022","October","Cholera","Lebanon","","","","","","","","","","","","",""
"Malaria - Pakistan","17 October 2022","https://www.who.int/emergencies/disease-outbreak-news/item/2022-DON413","2022","October","Malaria","Pakistan","","","","","","","","","","","","",""
"Dengue - Pakistan","13 October 2022","https://www.who.int/emergencies/disease-outbreak-news/item/2022-DON414","2022","October","Dengue","Pakistan","","","","","","","","","","","","",""
"Cholera - Haiti","12 October 2022","https://www.who.int/emergencies/disease-outbreak-news/item/2022-DON415","2022","October","Cholera","Haiti","","","","","","","","","","","","",""
"Dengue - Nepal","10 October 2022","https://www.who.int/emergencies/disease-outbreak-news/item/2022-DON412","2022","October","Dengue","Nepal","","","","","","","","","","","","",""
"Ebola virus disease –Democratic Republic of the Congo","29 September 2022","https://www.who.int/emergencies/disease-outbreak-news/item/2022-DON411","2022","September","Ebola virus disease","Democratic Republic of the Congo","","","","","","","","","","","","",""
"Marburg virus disease - Ghana","26 September 2022","https://www.who.int/emergencies/disease-outbreak-news/item/2022-DON409","2022","September","Marburg virus disease","Ghana","","","","","","","","","","","","",""
"Ebola Disease caused by Sudan virus - Uganda","26 September 2022","https://www.who.int/emergencies/disease-outbreak-news/item/2022-DON410","2022","September","Ebola Disease caused by Sudan virus","Uganda","","","","","","","","","","","","",""
"Detection of circulating vaccine derived polio virus 2 (cVDPV2) in environmental samples– the United Kingdom of Great Britain and Northern Ireland and the United States of America","14 September 2022","https://www.who.int/emergencies/disease-outbreak-news/item/2022-DON408","2022","September","Detection of circulating vaccine derived polio virus 2 (cVDPV2) in environmental samples","the United Kingdom of Great Britain and Northern Ireland and the United States of America","","","","","","","","","","","","",""
"Circulating vaccine-derived poliovirus type 2 - Algeria","13 September 2022","https://www.who.int/emergencies/disease-outbreak-news/item/2022-DON406","2022","September","Circulating vaccine","Algeria","","","","","","","","","","","","",""
"Legionellosis - Argentina","05 September 2022","https://www.who.int/emergencies/disease-outbreak-news/item/2022-DON407","2022","September","Legionellosis","Argentina","","","","","","","","","","","","",""
"Yellow fever - African Region (AFRO)","02 September 2022","https://www.who.int/emergencies/disease-outbreak-news/item/2022-DON405","2022","September","Yellow fever","African Region (AFRO)","","","","","","","","","","","","",""
"Ebola virus disease - Democratic Republic of the Congo","25 August 2022","https://www.who.int/emergencies/disease-outbreak-news/item/2022-DON404","2022","August","Ebola virus disease","Democratic Republic of the Congo","","","","","","","","","","","","",""
"Leptospirosis - United Republic of Tanzania","12 August 2022","https://www.who.int/emergencies/disease-outbreak-news/item/2022-DON403","2022","August","Leptospirosis","United Republic of Tanzania","","","","","","","","","","","","",""
"Dengue in Rohingya refugee/Forcibly Displaced Myanmar Nationals (FDMN) camps in Cox’s Bazar - Bangladesh","03 August 2022","https://www.who.int/emergencies/disease-outbreak-news/item/2022-DON401","2022","August","Dengue in Rohingya refugee/Forcibly Displaced Myanmar Nationals (FDMN) camps in Cox’s Bazar","Bangladesh","","","","","","","","","","","","",""
"Marburg virus disease - Ghana","22 July 2022","https://www.who.int/emergencies/disease-outbreak-news/item/2022-DON402","2022","July","Marburg virus disease","Ghana","","","","","","","","","","","","",""
"Cholera - Somalia","20 July 2022","https://www.who.int/emergencies/disease-outbreak-news/item/2022-DON398_1","2022","July","Cholera","Somalia","","","","","","","","","","","","",""
"Severe acute hepatitis of unknown aetiology in children - Multi-country","12 July 2022","https://www.who.int/emergencies/disease-outbreak-news/item/2022-DON400","2022","July","Severe acute hepatitis of unknown aetiology in children","country","","","","","","","","","","","","",""
"Ebola virus disease - Democratic Republic of the Congo","04 July 2022","https://www.who.int/emergencies/disease-outbreak-news/item/2022-DON398","2022","July","Ebola virus disease","Democratic Republic of the Congo","","","","","","","","","","","","",""
"Multi-country monkeypox outbreak: situation update","27 June 2022","https://www.who.int/emergencies/disease-outbreak-news/item/2022-DON396","2022","June","Multi- country monkeypox outbreak: situation update","Multi- country","","","","","","","","","","","","",""
"Severe acute hepatitis of unknown aetiology in children - Multi-country","24 June 2022","https://www.who.int/emergencies/disease-outbreak-news/item/2022-DON394","2022","June","Severe acute hepatitis of unknown aetiology in children","country","","","","","","","","","","","","",""
"Wild poliovirus type 1 – Mozambique","23 June 2022","https://www.who.int/emergencies/disease-outbreak-news/item/2022-DON395","2022","June","Wild poliovirus type 1","Mozambique","","","","","","","","","","","","",""
"Multi-country monkeypox outbreak: situation update","17 June 2022","https://www.who.int/emergencies/disease-outbreak-news/item/2022-DON393","2022","June","Multi-country monkeypox outbreak: situation update","Multi-country","","","","","","","","","","","","",""
"Cholera - Pakistan","17 June 2022","https://www.who.int/emergencies/disease-outbreak-news/item/2022-DON391","2022","June","Cholera","Pakistan","","","","","","","","","","","","",""
"Multi-country monkeypox outbreak: situation update","10 June 2022","https://www.who.int/emergencies/disease-outbreak-news/item/2022-DON392","2022","June","Multi-country monkeypox outbreak: situation update","Multi-country","","","","","","","","","","","","",""
"Multi-country monkeypox outbreak: situation update","04 June 2022","https://www.who.int/emergencies/disease-outbreak-news/item/2022-DON390","2022","June","Multi-country monkeypox outbreak: situation update","Multi-country","","","","","","","","","","","","",""
"Crimean-Congo hemorrhagic fever - Iraq","01 June 2022","https://www.who.int/emergencies/disease-outbreak-news/item/2022-DON386","2022","June","Crimean","Iraq","","","","","","","","","","","","",""
"Multi-country monkeypox outbreak in non-endemic countries: Update","29 May 2022","https://www.who.int/emergencies/disease-outbreak-news/item/2022-DON388","2022","May","Multi-endemic countries: Update","Multi-endemic countries","","","","","","","","","","","","",""
"Acute hepatitis of unknown aetiology in children - Multi-country","27 May 2022","https://www.who.int/emergencies/disease-outbreak-news/item/DON-389","2022","May","Acute hepatitis of unknown aetiology in children","country","","","","","","","","","","","","",""
"Dengue - Sao Tome and Principe","26 May 2022","https://www.who.int/emergencies/disease-outbreak-news/item/2022-DON387","2022","May","Dengue","Sao Tome and Principe","","","","","","","","","","","","",""
"Multi-country monkeypox outbreak in non-endemic countries","21 May 2022","https://www.who.int/emergencies/disease-outbreak-news/item/2022-DON385","2022","May","Multi-endemic countries","Multi-endemic countries","","","","","","","","","","","","",""
"Influenza A H1N1 - Germany","19 May 2022","https://www.who.int/emergencies/disease-outbreak-news/item/2022-DON384","2022","May","Influenza A H1N1","Germany","","","","","","","","","","","","",""
"Monkeypox - United Kingdom of Great Britain and Northern Ireland","18 May 2022","https://www.who.int/emergencies/disease-outbreak-news/item/2022-DON383","2022","May","Monkeypox","United Kingdom of Great Britain and Northern Ireland","","","","","","","","","","","","",""
"Middle East respiratory syndrome coronavirus - Oman","17 May 2022","https://www.who.int/emergencies/disease-outbreak-news/item/2022-DON380","2022","May","Middle East respiratory syndrome coronavirus","Oman","","","","","","","","","","","","",""
"Monkeypox - United Kingdom of Great Britain and Northern Ireland","16 May 2022","https://www.who.int/emergencies/disease-outbreak-news/item/2022-DON381","2022","May","Monkeypox","United Kingdom of Great Britain and Northern Ireland","","","","","","","","","","","","",""
"Cholera - Cameroon","16 May 2022","https://www.who.int/emergencies/disease-outbreak-news/item/2022-DON374","2022","May","Cholera","Cameroon","","","","","","","","","","","","",""
"Lassa fever - Guinea","13 May 2022","https://www.who.int/emergencies/disease-outbreak-news/item/2022-DON382","2022","May","Lassa fever","Guinea","","","","","","","","","","","","",""
"Middle East respiratory syndrome coronavirus – Qatar","12 May 2022","https://www.who.int/emergencies/disease-outbreak-news/item/2022-DON370","2022","May","Middle East respiratory syndrome coronavirus","Qatar","","","","","","","","","","","","",""
"Avian Influenza A(H3N8) - China","09 May 2022","https://www.who.int/emergencies/disease-outbreak-news/item/2022-DON378","2022","May","Avian Influenza A(H3N8)","China","","","","","","","","","","","","",""
"Avian Influenza A(H5N1) – United States of America","06 May 2022","https://www.who.int/emergencies/disease-outbreak-news/item/2022-DON379","2022","May","Avian Influenza A(H5N1)","United States of America","","","","","","","","","","","","",""
"Japanese encephalitis - Australia","28 April 2022","https://www.who.int/emergencies/disease-outbreak-news/item/2022-DON365","2022","April","Japanese encephalitis","Australia","","","","","","","","","","","","",""
"Ebola virus disease - Democratic Republic of the Congo","28 April 2022","https://www.who.int/emergencies/disease-outbreak-news/item/2022-DON377","2022","April","Ebola virus disease","Democratic Republic of the Congo","","","","","","","","","","","","",""
"Measles - Somalia","27 April 2022","https://www.who.int/emergencies/disease-outbreak-news/item/2022-DON371","2022","April","Measles","Somalia","","","","","","","","","","","","",""
"Multi-country outbreak of Salmonella Typhimurium linked to chocolate products – Europe and the United States of America","27 April 2022","https://www.who.int/emergencies/disease-outbreak-news/item/2022-DON369","2022","April","Multi-country outbreak of Salmonella Typhimurium linked to chocolate products"," Europe and the United States of America","","","","","","","","","","","","",""
"Cholera - Malawi","27 April 2022","https://www.who.int/emergencies/disease-outbreak-news/item/2022-DON372","2022","April","Cholera","Malawi","","","","","","","","","","","","",""
"Yellow Fever – Uganda","25 April 2022","https://www.who.int/emergencies/disease-outbreak-news/item/2022-DON367","2022","April","Yellow Fever","Uganda","","","","","","","","","","","","",""
"Severe acute hepatitis of unknown origin in children - Multicountry","23 April 2022","https://www.who.int/emergencies/disease-outbreak-news/item/2022-DON376","2022","April","Severe acute hepatitis of unknown origin in children","Multi-country","","","","","","","","","","","","",""
"Circulating vaccine-derived poliovirus type 3 – Israel","15 April 2022","https://www.who.int/emergencies/disease-outbreak-news/item/2022-DON366","2022","April","Circulating vaccine - derived poliovirus type 3","Israel","","","","","","","","","","","","",""
"Acute hepatitis of unknown aetiology – the United Kingdom of Great Britain and Northern Ireland","15 April 2022","https://www.who.int/emergencies/disease-outbreak-news/item/2022-DON368","2022","April","Acute hepatitis of unknown aetiology","the United Kingdom of Great Britain and Northern Ireland","","","","","","","","","","","","",""
"Middle East respiratory syndrome coronavirus – Saudi Arabia","07 April 2022","https://www.who.int/emergencies/disease-outbreak-news/item/2022-DON363","2022","April","Middle East respiratory syndrome coronavirus","Saudi Arabia","","","","","","","","","","","","",""
"Yellow fever - Kenya","25 March 2022","https://www.who.int/emergencies/disease-outbreak-news/item/2022-DON361","2022","March","Yellow fever","Kenya","","","","","","","","","","","","",""
"Extensively drug-resistant Shigella sonnei infections - Europe - European Region (EURO)","24 March 2022","https://www.who.int/emergencies/disease-outbreak-news/item/2022-DON364","2022","March","Extensively drug","European Region (EURO)","","","","","","","","","","","","",""
"Lassa fever - Togo","24 March 2022","https://www.who.int/emergencies/disease-outbreak-news/item/2022-DON362","2022","March","Lassa fever","Togo","","","","","","","","","","","","",""
"Wild poliovirus type 1 - Malawi","03 March 2022","https://www.who.int/emergencies/disease-outbreak-news/item/wild-poliovirus-type-1-(WPV1)-malawi","2022","March","Wild poliovirus type 1","Malawi","","","","","","","","","","","","",""
"Lassa Fever – United Kingdom of Great Britain and Northern Ireland","21 February 2022","https://www.who.int/emergencies/disease-outbreak-news/item/lassa-fever-united-kingdom-of-great-britain-and-northern-ireland","2022","February","Lassa Fever","United Kingdom of Great Britain and Northern Ireland","","","","","","","","","","","","",""
"Lassa Fever - Nigeria","14 February 2022","https://www.who.int/emergencies/disease-outbreak-news/item/lassa-fever---nigeria","2022","February","Lassa Fever","Nigeria","","","","","","","","","","","","",""
"Measles – Afghanistan","10 February 2022","https://www.who.int/emergencies/disease-outbreak-news/item/measles-afghanistan","2022","February","Measles","Afghanistan","","","","","","","","","","","","",""
"Dengue - Timor-Leste","04 February 2022","https://www.who.int/emergencies/disease-outbreak-news/item/dengue---timor-leste","2022","February","Dengue","Leste","","","","","","","","","","","","",""
"Cholera – Benin","25 January 2022","https://www.who.int/emergencies/disease-outbreak-news/item/cholera-benin","2022","January","Cholera","Benin","","","","","","","","","","","","",""
"Hepatitis E - Chad","17 January 2022","https://www.who.int/emergencies/disease-outbreak-news/item/2022-DON352","2022","January","Hepatitis E","Chad","","","","","","","","","","","","",""
"Influenza A(H5) - United Kingdom of Great Britain and Northern Ireland","14 January 2022","https://www.who.int/emergencies/disease-outbreak-news/item/influenza-a-(h5)---united-kingdom-of-great-britain-and-northern-ireland","2022","January","Influenza A(H5)","United Kingdom of Great Britain and Northern Ireland","","","","","","","","","","","","",""
"Yellow Fever - West and Central Africa","23 December 2021","https://www.who.int/emergencies/disease-outbreak-news/item/yellow-fever---west-and-central-africa","2021","December","Yellow Fever","West and Central Africa","","","","","","","","","","","","",""
"Hepatitis E virus – Republic of South Sudan","23 December 2021","https://www.who.int/emergencies/disease-outbreak-news/item/hepatitis-e-virus-republic-of-south-sudan","2021","December","Hepatitis E virus","Republic of South Sudan","","","","","","","","","","","","",""
"Ebola virus disease – Democratic Republic of the Congo","16 December 2021","https://www.who.int/emergencies/disease-outbreak-news/item/2021-DON351","2021","December","Ebola virus disease","Democratic Republic of the Congo","","","","","","","","","","","","",""
"Cholera – Cameroon","16 December 2021","https://www.who.int/emergencies/disease-outbreak-news/item/cholera-cameroon","2021","December","Cholera","Cameroon","","","","","","","","","","","","",""
"Dengue fever – Pakistan","14 December 2021","https://www.who.int/emergencies/disease-outbreak-news/item/dengue-fever-pakistan","2021","December","Dengue fever","Pakistan","","","","","","","","","","","","",""
"Middle East respiratory syndrome coronavirus – United Arab Emirates","13 December 2021","https://www.who.int/emergencies/disease-outbreak-news/item/middle-east-respiratory-syndrome-coronavirus-(mers-cov)-united-arab-emirates","2021","December","Middle East respiratory syndrome coronavirus","United Arab Emirates","","","","","","","","","","","","",""
"Circulating vaccine-derived poliovirus type 2 – Yemen","09 December 2021","https://www.who.int/emergencies/disease-outbreak-news/item/circulating-vaccine-derived-poliovirus-type-2-(cvdpv2)-yemen","2021","December","Circulating vaccine - derived poliovirus type 2"," Yemen","","","","","","","","","","","","",""
"Yellow fever - Ghana","01 December 2021","https://www.who.int/emergencies/disease-outbreak-news/item/yellow-fever---ghana","2021","December","Yellow fever","Ghana","","","","","","","","","","","","",""
"Monkeypox - United States of America","25 November 2021","https://www.who.int/emergencies/disease-outbreak-news/item/2021-DON344","2021","November","Monkeypox","United States of America","","","","","","","","","","","","",""
"Circulating vaccine-derived poliovirus type 2 – Ukraine","22 October 2021","https://www.who.int/emergencies/disease-outbreak-news/item/circulating-vaccine-derived-poliovirus-type-2-(cvdpv2)-ukraine","2021","October","Circulating vaccine - derived poliovirus type 2","Ukraine","","","","","","","","","","","","",""
"Zika virus disease – India","14 October 2021","https://www.who.int/emergencies/disease-outbreak-news/item/zika-virus-disease-india","2021","October","Zika virus disease","India","","","","","","","","","","","","",""
"Yellow Fever- Venezuela (Bolivarian Republic of)","13 October 2021","https://www.who.int/emergencies/disease-outbreak-news/item/yellow-fever---bolivarian-republic-of-venezuela","2021","October","Yellow Fever","Venezuela (Bolivarian Republic of)","","","","","","","","","","","","",""
"Ebola virus disease – Democratic Republic of the Congo","10 October 2021","https://www.who.int/emergencies/disease-outbreak-news/item/ebola-virus-disease-democratic-republic-of-the-congo_1","2021","October","Ebola virus disease","Democratic Republic of the Congo","","","","","","","","","","","","",""
"Yellow Fever – Nigeria","01 October 2021","https://www.who.int/emergencies/disease-outbreak-news/item/2021-DON336","2021","October","Yellow Fever","Nigeria","","","","","","","","","","","","",""
"Plague - Madagascar","01 October 2021","https://www.who.int/emergencies/disease-outbreak-news/item/plague---madagascar","2021","October","Plague","Madagascar","","","","","","","","","","","","",""
"Nipah virus infection - India","24 September 2021","https://www.who.int/emergencies/disease-outbreak-news/item/nipah-virus-disease---india","2021","September","Nipah virus infection","India","","","","","","","","","","","","",""
"Meningitis - Democratic Republic of the Congo","20 September 2021","https://www.who.int/emergencies/disease-outbreak-news/item/2021-DON334","2021","September","Meningitis","Democratic Republic of the Congo","","","","","","","","","","","","",""
"Marburg virus disease - Guinea","17 September 2021","https://www.who.int/emergencies/disease-outbreak-news/item/marburg-virus-disease---guinea","2021","September","Marburg virus disease","Guinea","","","","","","","","","","","","",""
"Middle East respiratory syndrome coronavirus – Saudi Arabia","17 August 2021","https://www.who.int/emergencies/disease-outbreak-news/item/2021-DON333","2021","August","Middle East respiratory syndrome coronavirus","Saudi Arabia","","","","","","","","","","","","",""
"Human infection with avian influenza A(H5N1) ｰ India","16 August 2021","https://www.who.int/emergencies/disease-outbreak-news/item/human-infection-with-avian-influenza-a(h5n1)-ｰ-india","2021","August","Human infection with avian influenza A(H5N1)","India","","","","","","","","","","","","",""
"Marburg virus disease - Guinea","09 August 2021","https://www.who.int/emergencies/disease-outbreak-news/item/2021-DON331","2021","August","Marburg virus disease","Guinea","","","","","","","","","","","","",""
"Monkeypox - United States of America","27 July 2021","https://www.who.int/emergencies/disease-outbreak-news/item/monkeypox---the-united-states-of-america","2021","July","Monkeypox","United States of America","","","","","","","","","","","","",""
"Monkeypox - United Kingdom of Great Britain and Northern Ireland","08 July 2021","https://www.who.int/emergencies/disease-outbreak-news/item/monkeypox---united-kingdom-of-great-britain-and-northern-ireland","2021","July","Monkeypox","United Kingdom of Great Britain and Northern Ireland","","","","","","","","","","","","",""
"Ebola virus disease - Guinea","19 June 2021","https://www.who.int/emergencies/disease-outbreak-news/item/2021-DON328","2021","June","Ebola virus disease","Guinea","","","","","","","","","","","","",""
"Monkeypox - United Kingdom of Great Britain and Northern Ireland","11 June 2021","https://www.who.int/emergencies/disease-outbreak-news/item/monkeypox---united-kingdom-of-great-britain-and-northern-ireland-ex-nigeria","2021","June","Monkeypox","United Kingdom of Great Britain and Northern Ireland","","","","","","","","","","","","",""
"Human infection with avian influenza A(H10N3) – China","10 June 2021","https://www.who.int/emergencies/disease-outbreak-news/item/human-infection-with-avian-influenza-a(h10n3)-china","2021","June","Human infection with avian influenza A(H10N3)","China","","","","","","","","","","","","",""
"Ebola virus disease - Democratic Republic of the Congo","04 May 2021","https://www.who.int/emergencies/disease-outbreak-news/item/2021-DON325","2021","May","Ebola virus disease","Democratic Republic of the Congo","","","","","","","","","","","","",""
"Middle East respiratory syndrome coronavirus - Saudi Arabia","14 April 2021","https://www.who.int/emergencies/disease-outbreak-news/item/2021-DON317","2021","April","Middle East respiratory syndrome coronavirus","Saudi Arabia","","","","","","","","","","","","",""
"Circulating vaccine-derived poliovirus type 2 – Global update","26 March 2021","https://www.who.int/emergencies/disease-outbreak-news/item/circulating-vaccine-derived-poliovirus-type-2-global-update","2021","March","Circulating vaccine - derived poliovirus type 2","Global update","","","","","","","","","","","","",""
"Middle East respiratory syndrome coronavirus – United Arab Emirates","17 March 2021","https://www.who.int/emergencies/disease-outbreak-news/item/2021-DON314","2021","March","Middle East respiratory syndrome coronavirus","United Arab Emirates","","","","","","","","","","","","",""
"Human infection with avian influenza A (H5N8) - Russian Federation","26 February 2021","https://www.who.int/emergencies/disease-outbreak-news/item/2021-DON313","2021","February","Human infection with avian influenza A (H5N8)","Russian Federation","","","","","","","","","","","","",""
"Ebola virus disease - Guinea","17 February 2021","https://www.who.int/emergencies/disease-outbreak-news/item/2021-DON312","2021","February","Ebola virus disease","Guinea","","","","","","","","","","","","",""
"Rift valley fever - Kenya","12 February 2021","https://www.who.int/emergencies/disease-outbreak-news/item/2021-DON311","2021","February","Rift valley fever","Kenya","","","","","","","","","","","","",""
"Ebola virus disease - Democratic Republic of the Congo","10 February 2021","https://www.who.int/emergencies/disease-outbreak-news/item/2021-DON310","2021","February","Ebola virus disease","Democratic Republic of the Congo","","","","","","","","","","","","",""
"Influenza A (H3N2) - United States of America","05 February 2021","https://www.who.int/emergencies/disease-outbreak-news/item/2021-DON309","2021","February","Influenza A (H3N2)","United States of America","","","","","","","","","","","","",""
"Middle East respiratory syndrome coronavirus – Saudi Arabia","01 February 2021","https://www.who.int/emergencies/disease-outbreak-news/item/2021-DON308","2021","February","Middle East respiratory syndrome coronavirus","Saudi Arabia","","","","","","","","","","","","",""
"Cholera - Togo","04 January 2021","https://www.who.int/emergencies/disease-outbreak-news/item/cholera-togo","2021","January","Cholera","Togo","","","","","","","","","","","","",""
"Influenza A(H1N2) - Brazil","04 January 2021","https://www.who.int/emergencies/disease-outbreak-news/item/2021-DON306","2021","January","Influenza A(H1N2)","Brazil","","","","","","","","","","","","",""
"COVID-19 - Global","31 December 2020","https://www.who.int/emergencies/disease-outbreak-news/item/2020-DON305","2020","December","COVID","Global","","","","","","","","","","","","",""
"Yellow Fever - Senegal","29 December 2020","https://www.who.int/emergencies/disease-outbreak-news/item/2020-DON303","2020","December","Yellow Fever","Senegal","","","","","","","","","","","","",""
"Yellow Fever - Guinea","23 December 2020","https://www.who.int/emergencies/disease-outbreak-news/item/2020-DON302","2020","December","Yellow Fever","Guinea","","","","","","","","","","","","",""
"COVID-19 - United Kingdom of Great Britain and Northern Ireland","21 December 2020","https://www.who.int/emergencies/disease-outbreak-news/item/2020-DON304","2020","December","COVID","United Kingdom of Great Britain and Northern Ireland","","","","","","","","","","","","",""
"COVID-19 - Denmark","03 December 2020","https://www.who.int/emergencies/disease-outbreak-news/item/2020-DON301","2020","December","COVID","Denmark","","","","","","","","","","","","",""
"Acute hepatitis E - Burkina Faso","27 November 2020","https://www.who.int/emergencies/disease-outbreak-news/item/2020-DON300","2020","November","Acute hepatitis E","Burkina Faso","","","","","","","","","","","","",""
"Yellow Fever - Nigeria","24 November 2020","https://www.who.int/emergencies/disease-outbreak-news/item/2020-DON299","2020","November","Yellow Fever","Nigeria","","","","","","","","","","","","",""
"Ebola virus disease - Democratic Republic of the Congo","18 November 2020","https://www.who.int/emergencies/disease-outbreak-news/item/ebola-virus-disease-democratic-republic-of-the-congo-draft","2020","November","Ebola virus disease","Democratic Republic of the Congo","","","","","","","","","","","","",""
"Avian Influenza A(H5N1) - Lao People’s Democratic Republic","17 November 2020","https://www.who.int/emergencies/disease-outbreak-news/item/avian-influenza-a(h5n1)--lao-people-s-democratic-republic","2020","November","Avian Influenza A(H5N1)","Lao People’s Democratic Republic","","","","","","","","","","","","",""
"Rift valley fever - Mauritania","13 November 2020","https://www.who.int/emergencies/disease-outbreak-news/item/rift-valley-fever-mauritania","2020","November","Rift valley fever","Mauritania","","","","","","","","","","","","",""
"COVID-19 - Denmark","06 November 2020","https://www.who.int/emergencies/disease-outbreak-news/item/2020-DON297","2020","November","COVID","Denmark","","","","","","","","","","","","",""
"Mayaro virus disease - French Guiana","24 October 2020","https://www.who.int/emergencies/disease-outbreak-news/item/mayaro-virus-disease---french-guiana-france","2020","October","Mayaro virus disease","French Guiana","","","","","","","","","","","","",""
"Oropouche virus disease - French Guiana","13 October 2020","https://www.who.int/emergencies/disease-outbreak-news/item/oropouche-virus-disease---french-guiana-france","2020","October","Oropouche virus disease","French Guiana","","","","","","","","","","","","",""
"Monkeypox - Democratic Republic of the Congo","01 October 2020","https://www.who.int/emergencies/disease-outbreak-news/item/monkeypox-democratic-republic-of-the-congo","2020","October","Monkeypox","Democratic Republic of the Congo","","","","","","","","","","","","",""
"Chikungunya – Chad","24 September 2020","https://www.who.int/emergencies/disease-outbreak-news/item/chikungunya-chad","2020","September","Chikungunya","Chad","","","","","","","","","","","","",""
"Ebola virus disease - Democratic Republic of the Congo","03 September 2020","https://www.who.int/emergencies/disease-outbreak-news/item/ebola-virus-disease-democratic-republic-of-the-congo","2020","September","Ebola virus disease","Democratic Republic of the Congo","","","","","","","","","","","","",""
"Circulating vaccine-derived poliovirus type 2 - Sudan","01 September 2020","https://www.who.int/emergencies/disease-outbreak-news/item/circulating-vaccine-derived-poliovirus-type-2-sudan","2020","September","Circulating vaccine","Sudan","","","","","","","","","","","","",""
"Yellow Fever - French Guiana","01 August 2020","https://www.who.int/emergencies/disease-outbreak-news/item/2020-DON288","2020","August","Yellow Fever","French Guiana","","","","","","","","","","","","",""
"Plague - Democratic Republic of the Congo","23 July 2020","https://www.who.int/emergencies/disease-outbreak-news/item/plague-democratic-republic-of-the-congo","2020","July","Plague","Democratic Republic of the Congo","","","","","","","","","","","","",""
"Influenza A(H1N2) variant virus - Brazil","09 July 2020","https://www.who.int/emergencies/disease-outbreak-news/item/2020-DON286","2020","July","Influenza A(H1N2) variant virus","Brazil","","","","","","","","","","","","",""
"Influenza A(H1N2) - Brazil","08 July 2020","https://www.who.int/emergencies/disease-outbreak-news/item/influenza-a(h1n2)-variant-virus-brazil","2020","July","Influenza A(H1N2)","Brazil","","","","","","","","","","","","",""
"Middle East respiratory syndrome coronavirus – Saudi Arabia","02 July 2020","https://www.who.int/emergencies/disease-outbreak-news/item/2020-DON285","2020","July","Middle East respiratory syndrome coronavirus","Saudi Arabia","","","","","","","","","","","","",""
"Ebola virus disease - Democratic Republic of the Congo","26 June 2020","https://www.who.int/emergencies/disease-outbreak-news/item/2020-DON284","2020","June","Ebola virus disease","Democratic Republic of the Congo","","","","","","","","","","","","",""
"Ebola virus disease - Democratic Republic of the Congo","18 June 2020","https://www.who.int/emergencies/disease-outbreak-news/item/2020-DON283","2020","June","Ebola virus disease","Democratic Republic of the Congo","","","","","","","","","","","","",""
"Yellow fever – Gabon","17 June 2020","https://www.who.int/emergencies/disease-outbreak-news/item/2020-DON282","2020","June","Yellow fever","Gabon","","","","","","","","","","","","",""
"Ebola virus disease - Democratic Republic of the Congo","11 June 2020","https://www.who.int/emergencies/disease-outbreak-news/item/2020-DON281","2020","June","Ebola virus disease","Democratic Republic of the Congo","","","","","","","","","","","","",""
"Yellow Fever - Togo","05 June 2020","https://www.who.int/emergencies/disease-outbreak-news/item/2020-DON279","2020","June","Yellow Fever","Togo","","","","","","","","","","","","",""
"Ebola virus disease - Democratic Republic of the Congo","04 June 2020","https://www.who.int/emergencies/disease-outbreak-news/item/2020-DON278","2020","June","Ebola virus disease","Democratic Republic of the Congo","","","","","","","","","","","","",""
"Ebola virus disease - Democratic Republic of the Congo","03 June 2020","https://www.who.int/emergencies/disease-outbreak-news/item/2020-DON277","2020","June","Ebola virus disease","Democratic Republic of the Congo","","","","","","","","","","","","",""
"Ebola virus disease - Democratic Republic of the Congo","28 May 2020","https://www.who.int/emergencies/disease-outbreak-news/item/2020-DON276","2020","May","Ebola virus disease","Democratic Republic of the Congo","","","","","","","","","","","","",""
"Dracunculiasis (Guinea worm disease) – Ethiopia","25 May 2020","https://www.who.int/emergencies/disease-outbreak-news/item/2020-DON273","2020","May","Dracunculiasis (Guinea worm disease)","Ethiopia","","","","","","","","","","","","",""
"Ebola virus disease - Democratic Republic of the Congo","21 May 2020","https://www.who.int/emergencies/disease-outbreak-news/item/2020-DON275","2020","May","Ebola virus disease","Democratic Republic of the Congo","","","","","","","","","","","","",""
"Ebola virus disease - Democratic Republic of the Congo","14 May 2020","https://www.who.int/emergencies/disease-outbreak-news/item/2020-DON274","2020","May","Ebola virus disease","Democratic Republic of the Congo","","","","","","","","","","","","",""
"Ebola virus disease - Democratic Republic of the Congo","07 May 2020","https://www.who.int/emergencies/disease-outbreak-news/item/2020-DON272","2020","May","Ebola virus disease","Democratic Republic of the Congo","","","","","","","","","","","","",""
"Measles - Burundi","06 May 2020","https://www.who.int/emergencies/disease-outbreak-news/item/2020-DON264","2020","May","Measles","Burundi","","","","","","","","","","","","",""
"Middle East respiratory syndrome coronavirus – Saudi Arabia","05 May 2020","https://www.who.int/emergencies/disease-outbreak-news/item/2020-DON270","2020","May","Middle East respiratory syndrome coronavirus","Saudi Arabia","","","","","","","","","","","","",""
"Ebola virus disease - Democratic Republic of the Congo","30 April 2020","https://www.who.int/emergencies/disease-outbreak-news/item/2020-DON271","2020","April","Ebola virus disease","Democratic Republic of the Congo","","","","","","","","","","","","",""
"Measles - Mexico","24 April 2020","https://www.who.int/emergencies/disease-outbreak-news/item/2020-DON267","2020","April","Measles","Mexico","","","","","","","","","","","","",""
"Ebola virus disease - Democratic Republic of the Congo","23 April 2020","https://www.who.int/emergencies/disease-outbreak-news/item/2020-DON269","2020","April","Ebola virus disease","Democratic Republic of the Congo","","","","","","","","","","","","",""
"Dengue Fever - France","23 April 2020","https://www.who.int/emergencies/disease-outbreak-news/item/2020-DON265","2020","April","Dengue Fever","France","","","","","","","","","","","","",""
"Yellow Fever - Ethiopia","22 April 2020","https://www.who.int/emergencies/disease-outbreak-news/item/2020-DON263","2020","April","Yellow Fever","Ethiopia","","","","","","","","","","","","",""
"Yellow Fever - South Sudan","18 April 2020","https://www.who.int/emergencies/disease-outbreak-news/item/2020-DON262","2020","April","Yellow Fever","South Sudan","","","","","","","","","","","","",""
"Ebola virus disease - Democratic Republic of the Congo","16 April 2020","https://www.who.int/emergencies/disease-outbreak-news/item/2020-DON268","2020","April","Ebola virus disease","Democratic Republic of the Congo","","","","","","","","","","","","",""
"Ebola virus disease - Democratic Republic of the Congo","09 April 2020","https://www.who.int/emergencies/disease-outbreak-news/item/2020-DON266","2020","April","Ebola virus disease","Democratic Republic of the Congo","","","","","","","","","","","","",""
"MERS-CoV - Saudi Arabia","08 April 2020","https://www.who.int/emergencies/disease-outbreak-news/item/2020-DON261","2020","April","MERS","Saudi Arabia","","","","","","","","","","","","",""
"Ebola virus disease - Democratic Republic of the Congo","02 April 2020","https://www.who.int/emergencies/disease-outbreak-news/item/2020-DON260","2020","April","Ebola virus disease","Democratic Republic of the Congo","","","","","","","","","","","","",""
"Ebola virus disease - Democratic Republic of the Congo","26 March 2020","https://www.who.int/emergencies/disease-outbreak-news/item/2020-DON259","2020","March","Ebola virus disease","Democratic Republic of the Congo","","","","","","","","","","","","",""
"Ebola virus disease - Democratic Republic of the Congo","19 March 2020","https://www.who.int/emergencies/disease-outbreak-news/item/2020-DON258","2020","March","Ebola virus disease","Democratic Republic of the Congo","","","","","","","","","","","","",""
"MERS-CoV - Qatar","12 March 2020","https://www.who.int/emergencies/disease-outbreak-news/item/2020-DON254","2020","March","MERS","Qatar","","","","","","","","","","","","",""
"Ebola virus disease - Democratic Republic of the Congo","12 March 2020","https://www.who.int/emergencies/disease-outbreak-news/item/2020-DON255","2020","March","Ebola virus disease","Democratic Republic of the Congo","","","","","","","","","","","","",""
"Dengue Fever - Region of the Americas (PAHO) - French Guiana, Guadeloupe, Martinique, Saint-Martin, and Saint-Barthélemy","10 March 2020","https://www.who.int/emergencies/disease-outbreak-news/item/2020-DON251","2020","March","Dengue Fever","Barthélemy","","","","","","","","","","","","",""
"Ebola virus disease - Democratic Republic of the Congo","05 March 2020","https://www.who.int/emergencies/disease-outbreak-news/item/2020-DON253","2020","March","Ebola virus disease","Democratic Republic of the Congo","","","","","","","","","","","","",""
"Measles - Central African Republic","04 March 2020","https://www.who.int/emergencies/disease-outbreak-news/item/2020-DON246","2020","March","Measles","Central African Republic","","","","","","","","","","","","",""
"Ebola virus disease - Democratic Republic of the Congo","27 February 2020","https://www.who.int/emergencies/disease-outbreak-news/item/2020-DON252","2020","February","Ebola virus disease","Democratic Republic of the Congo","","","","","","","","","","","","",""
"MERS-CoV - Saudi Arabia","24 February 2020","https://www.who.int/emergencies/disease-outbreak-news/item/2020-DON247","2020","February","MERS","Saudi Arabia","","","","","","","","","","","","",""
"Dengue Fever - Chile","22 February 2020","https://www.who.int/emergencies/disease-outbreak-news/item/2020-DON250","2020","February","Dengue Fever","Chile","","","","","","","","","","","","",""
"Yellow Fever - Uganda","21 February 2020","https://www.who.int/emergencies/disease-outbreak-news/item/2020-DON249","2020","February","Yellow Fever","Uganda","","","","","","","","","","","","",""
"Ebola virus disease - Democratic Republic of the Congo","20 February 2020","https://www.who.int/emergencies/disease-outbreak-news/item/2020-DON248","2020","February","Ebola virus disease","Democratic Republic of the Congo","","","","","","","","","","","","",""
"Lassa Fever - Nigeria","20 February 2020","https://www.who.int/emergencies/disease-outbreak-news/item/2020-DON245","2020","February","Lassa Fever","Nigeria","","","","","","","","","","","","",""
"Ebola virus disease - Democratic Republic of the Congo","13 February 2020","https://www.who.int/emergencies/disease-outbreak-news/item/2020-DON244","2020","February","Ebola virus disease","Democratic Republic of the Congo","","","","","","","","","","","","",""
"Ebola virus disease - Democratic Republic of the Congo","06 February 2020","https://www.who.int/emergencies/disease-outbreak-news/item/2020-DON243","2020","February","Ebola virus disease","Democratic Republic of the Congo","","","","","","","","","","","","",""
"MERS-CoV - United Arab Emirates","31 January 2020","https://www.who.int/emergencies/disease-outbreak-news/item/2020-DON239","2020","January","MERS","United Arab Emirates","","","","","","","","","","","","",""
"Ebola virus disease - Democratic Republic of the Congo","30 January 2020","https://www.who.int/emergencies/disease-outbreak-news/item/2020-DON242","2020","January","Ebola virus disease","Democratic Republic of the Congo","","","","","","","","","","","","",""
"Ebola virus disease - Democratic Republic of the Congo","23 January 2020","https://www.who.int/emergencies/disease-outbreak-news/item/2020-DON241","2020","January","Ebola virus disease","Democratic Republic of the Congo","","","","","","","","","","","","",""
"COVID-19 - Republic of Korea - (ex-China)","21 January 2020","https://www.who.int/emergencies/disease-outbreak-news/item/2020-DON238","2020","January","COVID","China","","","","","","","","","","","","",""
"Disease outbreak news - Japan","17 January 2020","https://www.who.int/emergencies/disease-outbreak-news/item/2020-DON237","2020","January","Disease outbreak news","Japan","","","","","","","","","","","","",""
"COVID-19 - Japan - (ex-China)","16 January 2020","https://www.who.int/emergencies/disease-outbreak-news/item/2020-DON236","2020","January","COVID","China","","","","","","","","","","","","",""
"Ebola virus disease - Democratic Republic of the Congo","16 January 2020","https://www.who.int/emergencies/disease-outbreak-news/item/2020-DON235","2020","January","Ebola virus disease","Democratic Republic of the Congo","","","","","","","","","","","","",""
"Novel Coronavirus – Thailand (ex-China)","14 January 2020","https://www.who.int/emergencies/disease-outbreak-news/item/2020-DON234","2020","January","Novel Coronavirus","Thailand (ex-China)","","","","","","","","","","","","",""
"COVID-19 - China","12 January 2020","https://www.who.int/emergencies/disease-outbreak-news/item/2020-DON233","2020","January","COVID","China","","","","","","","","","","","","",""
"Measles - occupied Palestinian territory","10 January 2020","https://www.who.int/emergencies/disease-outbreak-news/item/2020-DON232","2020","January","Measles","occupied Palestinian territory","","","","","","","","","","","","",""
"Ebola virus disease - Democratic Republic of the Congo","09 January 2020","https://www.who.int/emergencies/disease-outbreak-news/item/2020-DON230","2020","January","Ebola virus disease","Democratic Republic of the Congo","","","","","","","","","","","","",""
"MERS-CoV - United Arab Emirates","08 January 2020","https://www.who.int/emergencies/disease-outbreak-news/item/2020-DON231","2020","January","MERS","United Arab Emirates","","","","","","","","","","","","",""
"Pneumonia of unknown cause – China","05 January 2020","https://www.who.int/emergencies/disease-outbreak-news/item/2020-DON229","2020","January","Pneumonia of unknown cause","China","","","","","","","","","","","","",""
"Ebola virus disease - Democratic Republic of the Congo","02 January 2020","https://www.who.int/emergencies/disease-outbreak-news/item/2020-DON228","2020","January","Ebola virus disease","Democratic Republic of the Congo","","","","","","","","","","","","",""
